Drug,Action or clinical use,Name ,Source,correlated_studies
Acetyldigoxin,Cardiotonic,Digitalis lanata Ehrh.,"Fabricant, D.S. & Farnsworth, N.R. 2001. The value of plantsused in traditional medicine for drug discovery.EnvironmentalHealth Perspectives 109: 69 - 75.","Farnsworth NR, Akerele O, Bingel AS, Soejarto DD, Guo Z.
Medicinal plants in therapy. Bull W H O 63:965 - 981 (1985)."
Adoniside,Cardiotonic,Adonis vernalis L.,"Fabricant, D.S. & Farnsworth, N.R. 2001. The value of plantsused in traditional medicine for drug discovery.EnvironmentalHealth Perspectives 109: 69 - 75.","Farnsworth NR, Akerele O, Bingel AS, Soejarto DD, Guo Z.
Medicinal plants in therapy. Bull W H O 63:965 - 981 (1985)."
Aescin,Anti-inflammatory,Aesculus hippocastanum L.,"Fabricant, D.S. & Farnsworth, N.R. 2001. The value of plantsused in traditional medicine for drug discovery.EnvironmentalHealth Perspectives 109: 69 - 75.","Farnsworth NR, Akerele O, Bingel AS, Soejarto DD, Guo Z.
Medicinal plants in therapy. Bull W H O 63:965 - 981 (1985)."
Aesculetin,Antidysentery,Fraxinus rhynchophylla Hance,"Fabricant, D.S. & Farnsworth, N.R. 2001. The value of plantsused in traditional medicine for drug discovery.EnvironmentalHealth Perspectives 109: 69 - 75.","Farnsworth NR, Akerele O, Bingel AS, Soejarto DD, Guo Z.
Medicinal plants in therapy. Bull W H O 63:965 - 981 (1985)."
Agrimophol,Anthelmintic,Agrimonia eupatoria L.,"Fabricant, D.S. & Farnsworth, N.R. 2001. The value of plantsused in traditional medicine for drug discovery.EnvironmentalHealth Perspectives 109: 69 - 75.","Farnsworth NR, Akerele O, Bingel AS, Soejarto DD, Guo Z.
Medicinal plants in therapy. Bull W H O 63:965 - 981 (1985)."
Ajmalicine,Circulatory disorders,Rauvolfia serpentina (L.) Benth ex. Kurz,"Fabricant, D.S. & Farnsworth, N.R. 2001. The value of plantsused in traditional medicine for drug discovery.EnvironmentalHealth Perspectives 109: 69 - 75.","Farnsworth NR, Akerele O, Bingel AS, Soejarto DD, Guo Z.
Medicinal plants in therapy. Bull W H O 63:965 - 981 (1985)."
Allyl isothiocyanate,Rubefacient,Brassica nigra (L.) Koch,"Fabricant, D.S. & Farnsworth, N.R. 2001. The value of plantsused in traditional medicine for drug discovery.EnvironmentalHealth Perspectives 109: 69 - 75.","Farnsworth NR, Akerele O, Bingel AS, Soejarto DD, Guo Z.
Medicinal plants in therapy. Bull W H O 63:965 - 981 (1985)."
Andrographolide,Bacillary dysentery,Andrographis paniculata Nees,"Fabricant, D.S. & Farnsworth, N.R. 2001. The value of plantsused in traditional medicine for drug discovery.EnvironmentalHealth Perspectives 109: 69 - 75.","Farnsworth NR, Akerele O, Bingel AS, Soejarto DD, Guo Z.
Medicinal plants in therapy. Bull W H O 63:965 - 981 (1985)."
Anisodamine,Anticholinergic,Anisodus tanguticus (Maxim.) Pascher,"Fabricant, D.S. & Farnsworth, N.R. 2001. The value of plantsused in traditional medicine for drug discovery.EnvironmentalHealth Perspectives 109: 69 - 75.","Farnsworth NR, Akerele O, Bingel AS, Soejarto DD, Guo Z.
Medicinal plants in therapy. Bull W H O 63:965 - 981 (1985)."
Anisodine,Anticholinergic,Anisodus tanguticus (Maxim.) Pascher,"Fabricant, D.S. & Farnsworth, N.R. 2001. The value of plantsused in traditional medicine for drug discovery.EnvironmentalHealth Perspectives 109: 69 - 75.","Farnsworth NR, Akerele O, Bingel AS, Soejarto DD, Guo Z.
Medicinal plants in therapy. Bull W H O 63:965 - 981 (1985)."
Arecoline,Anthelmintic,Areca catechu L.,"Fabricant, D.S. & Farnsworth, N.R. 2001. The value of plantsused in traditional medicine for drug discovery.EnvironmentalHealth Perspectives 109: 69 - 75.","Farnsworth NR, Akerele O, Bingel AS, Soejarto DD, Guo Z.
Medicinal plants in therapy. Bull W H O 63:965 - 981 (1985)."
Asiaticoside,Vulnerary,Centella asiatica (L.) Urban,"Fabricant, D.S. & Farnsworth, N.R. 2001. The value of plantsused in traditional medicine for drug discovery.EnvironmentalHealth Perspectives 109: 69 - 75.","Farnsworth NR, Akerele O, Bingel AS, Soejarto DD, Guo Z.
Medicinal plants in therapy. Bull W H O 63:965 - 981 (1985)."
Atropine,Anticholinergic,Atropa belladonna L.,"Fabricant, D.S. & Farnsworth, N.R. 2001. The value of plantsused in traditional medicine for drug discovery.EnvironmentalHealth Perspectives 109: 69 - 75.","Farnsworth NR, Akerele O, Bingel AS, Soejarto DD, Guo Z.
Medicinal plants in therapy. Bull W H O 63:965 - 981 (1985)."
Berberine,Bacillary dysentery,Berberis vulgaris L.,"Fabricant, D.S. & Farnsworth, N.R. 2001. The value of plantsused in traditional medicine for drug discovery.EnvironmentalHealth Perspectives 109: 69 - 75.","Farnsworth NR, Akerele O, Bingel AS, Soejarto DD, Guo Z.
Medicinal plants in therapy. Bull W H O 63:965 - 981 (1985)."
Bergenin,Antitussive,Ardisia japonica BI.,"Fabricant, D.S. & Farnsworth, N.R. 2001. The value of plantsused in traditional medicine for drug discovery.EnvironmentalHealth Perspectives 109: 69 - 75.","Farnsworth NR, Akerele O, Bingel AS, Soejarto DD, Guo Z.
Medicinal plants in therapy. Bull W H O 63:965 - 981 (1985)."
Bromelain,Anti-inflammatory; proteolytic agent,Ananas comosus (L.) Merrill,"Fabricant, D.S. & Farnsworth, N.R. 2001. The value of plantsused in traditional medicine for drug discovery.EnvironmentalHealth Perspectives 109: 69 - 75.","Farnsworth NR, Akerele O, Bingel AS, Soejarto DD, Guo Z.
Medicinal plants in therapy. Bull W H O 63:965 - 981 (1985)."
Caffeine,CNS stimulant,Camellia sinensis (L.) Kuntze,"Fabricant, D.S. & Farnsworth, N.R. 2001. The value of plantsused in traditional medicine for drug discovery.EnvironmentalHealth Perspectives 109: 69 - 75.","Farnsworth NR, Akerele O, Bingel AS, Soejarto DD, Guo Z.
Medicinal plants in therapy. Bull W H O 63:965 - 981 (1985)."
(+)-Catechin,Haemostatic,Potentilla fragaroides L.,"Fabricant, D.S. & Farnsworth, N.R. 2001. The value of plantsused in traditional medicine for drug discovery.EnvironmentalHealth Perspectives 109: 69 - 75.","Farnsworth NR, Akerele O, Bingel AS, Soejarto DD, Guo Z.
Medicinal plants in therapy. Bull W H O 63:965 - 981 (1985)."
Chymopapain,Proteolytic; mucolytic,Carica papaya L.,"Fabricant, D.S. & Farnsworth, N.R. 2001. The value of plantsused in traditional medicine for drug discovery.EnvironmentalHealth Perspectives 109: 69 - 75.","Farnsworth NR, Akerele O, Bingel AS, Soejarto DD, Guo Z.
Medicinal plants in therapy. Bull W H O 63:965 - 981 (1985)."
Cocaine,Local anaesthetic,Erythroxylum coca Lamk.,"Fabricant, D.S. & Farnsworth, N.R. 2001. The value of plantsused in traditional medicine for drug discovery.EnvironmentalHealth Perspectives 109: 69 - 75.","Farnsworth NR, Akerele O, Bingel AS, Soejarto DD, Guo Z.
Medicinal plants in therapy. Bull W H O 63:965 - 981 (1985)."
Codeine,Analgesic; antitussive,Papaver somniferum L.,"Fabricant, D.S. & Farnsworth, N.R. 2001. The value of plantsused in traditional medicine for drug discovery.EnvironmentalHealth Perspectives 109: 69 - 75.","Farnsworth NR, Akerele O, Bingel AS, Soejarto DD, Guo Z.
Medicinal plants in therapy. Bull W H O 63:965 - 981 (1985)."
Colchicine,Antitumor agent; antigout,Colchicum autumnale L.,"Fabricant, D.S. & Farnsworth, N.R. 2001. The value of plantsused in traditional medicine for drug discovery.EnvironmentalHealth Perspectives 109: 69 - 75.","Farnsworth NR, Akerele O, Bingel AS, Soejarto DD, Guo Z.
Medicinal plants in therapy. Bull W H O 63:965 - 981 (1985)."
Convallotoxin,Cardiotonic,Convallaria majalis L.,"Fabricant, D.S. & Farnsworth, N.R. 2001. The value of plantsused in traditional medicine for drug discovery.EnvironmentalHealth Perspectives 109: 69 - 75.","Farnsworth NR, Akerele O, Bingel AS, Soejarto DD, Guo Z.
Medicinal plants in therapy. Bull W H O 63:965 - 981 (1985)."
Curcumin,Choleretic,Curcuma longa L.,"Fabricant, D.S. & Farnsworth, N.R. 2001. The value of plantsused in traditional medicine for drug discovery.EnvironmentalHealth Perspectives 109: 69 - 75.","Farnsworth NR, Akerele O, Bingel AS, Soejarto DD, Guo Z.
Medicinal plants in therapy. Bull W H O 63:965 - 981 (1985)."
Cynarin,Choleretic,Cynara scolymus L.,"Fabricant, D.S. & Farnsworth, N.R. 2001. The value of plantsused in traditional medicine for drug discovery.EnvironmentalHealth Perspectives 109: 69 - 75.","Farnsworth NR, Akerele O, Bingel AS, Soejarto DD, Guo Z.
Medicinal plants in therapy. Bull W H O 63:965 - 981 (1985)."
Danthron,Laxative,Cassia spp.,"Fabricant, D.S. & Farnsworth, N.R. 2001. The value of plantsused in traditional medicine for drug discovery.EnvironmentalHealth Perspectives 109: 69 - 75.","Farnsworth NR, Akerele O, Bingel AS, Soejarto DD, Guo Z.
Medicinal plants in therapy. Bull W H O 63:965 - 981 (1985)."
Deserpidine,Antihypertensive; tranqulizer,Rauvolfia canescens L.,"Fabricant, D.S. & Farnsworth, N.R. 2001. The value of plantsused in traditional medicine for drug discovery.EnvironmentalHealth Perspectives 109: 69 - 75.","Farnsworth NR, Akerele O, Bingel AS, Soejarto DD, Guo Z.
Medicinal plants in therapy. Bull W H O 63:965 - 981 (1985)."
Deslanoside,Cardiotonic,Digitalis lanata Ehrh.,"Fabricant, D.S. & Farnsworth, N.R. 2001. The value of plantsused in traditional medicine for drug discovery.EnvironmentalHealth Perspectives 109: 69 - 75.","Farnsworth NR, Akerele O, Bingel AS, Soejarto DD, Guo Z.
Medicinal plants in therapy. Bull W H O 63:965 - 981 (1985)."
Digitalin,Cardiotonic,Digitalis purpurea L.,"Fabricant, D.S. & Farnsworth, N.R. 2001. The value of plantsused in traditional medicine for drug discovery.EnvironmentalHealth Perspectives 109: 69 - 75.","Farnsworth NR, Akerele O, Bingel AS, Soejarto DD, Guo Z.
Medicinal plants in therapy. Bull W H O 63:965 - 981 (1985)."
Digitoxin,Cardiotonic,Digitalis purpurea L.,"Fabricant, D.S. & Farnsworth, N.R. 2001. The value of plantsused in traditional medicine for drug discovery.EnvironmentalHealth Perspectives 109: 69 - 75.","Farnsworth NR, Akerele O, Bingel AS, Soejarto DD, Guo Z.
Medicinal plants in therapy. Bull W H O 63:965 - 981 (1985)."
Digoxin,Cardiotonic,Digitalis lanata Ehrh.,"Fabricant, D.S. & Farnsworth, N.R. 2001. The value of plantsused in traditional medicine for drug discovery.EnvironmentalHealth Perspectives 109: 69 - 75.","Farnsworth NR, Akerele O, Bingel AS, Soejarto DD, Guo Z.
Medicinal plants in therapy. Bull W H O 63:965 - 981 (1985)."
Emetine,Amoebicide; emetic,Cephaelis ipecacuanha (Brotero) A. Richard,"Fabricant, D.S. & Farnsworth, N.R. 2001. The value of plantsused in traditional medicine for drug discovery.EnvironmentalHealth Perspectives 109: 69 - 75.","Farnsworth NR, Akerele O, Bingel AS, Soejarto DD, Guo Z.
Medicinal plants in therapy. Bull W H O 63:965 - 981 (1985)."
Ephedrine,Sympathomimetic,Ephedra sinica Stapf.,"Fabricant, D.S. & Farnsworth, N.R. 2001. The value of plantsused in traditional medicine for drug discovery.EnvironmentalHealth Perspectives 109: 69 - 75.","Farnsworth NR, Akerele O, Bingel AS, Soejarto DD, Guo Z.
Medicinal plants in therapy. Bull W H O 63:965 - 981 (1985)."
Etoposide,Antitumour agent,Podophyllum peltatum L.,"Fabricant, D.S. & Farnsworth, N.R. 2001. The value of plantsused in traditional medicine for drug discovery.EnvironmentalHealth Perspectives 109: 69 - 75.","Farnsworth NR, Akerele O, Bingel AS, Soejarto DD, Guo Z.
Medicinal plants in therapy. Bull W H O 63:965 - 981 (1985)."
Gitalin,Cardiotonic,Digitalis purpurea L.,"Fabricant, D.S. & Farnsworth, N.R. 2001. The value of plantsused in traditional medicine for drug discovery.EnvironmentalHealth Perspectives 109: 69 - 75.","Farnsworth NR, Akerele O, Bingel AS, Soejarto DD, Guo Z.
Medicinal plants in therapy. Bull W H O 63:965 - 981 (1985)."
Glaucaroubin,Amoebicide,Simarouba glauca DC.,"Fabricant, D.S. & Farnsworth, N.R. 2001. The value of plantsused in traditional medicine for drug discovery.EnvironmentalHealth Perspectives 109: 69 - 75.","Farnsworth NR, Akerele O, Bingel AS, Soejarto DD, Guo Z.
Medicinal plants in therapy. Bull W H O 63:965 - 981 (1985)."
Glycyrrhizin,Sweetener,Glycyrrhiza glabra L.,"Fabricant, D.S. & Farnsworth, N.R. 2001. The value of plantsused in traditional medicine for drug discovery.EnvironmentalHealth Perspectives 109: 69 - 75.","Farnsworth NR, Akerele O, Bingel AS, Soejarto DD, Guo Z.
Medicinal plants in therapy. Bull W H O 63:965 - 981 (1985)."
Gossypol,Male contraceptive,Gossypium spp.,"Fabricant, D.S. & Farnsworth, N.R. 2001. The value of plantsused in traditional medicine for drug discovery.EnvironmentalHealth Perspectives 109: 69 - 75.","Farnsworth NR, Akerele O, Bingel AS, Soejarto DD, Guo Z.
Medicinal plants in therapy. Bull W H O 63:965 - 981 (1985)."
Hemsleyadin,Bacillary dysentery,Helmsleya amabilis Diels,"Fabricant, D.S. & Farnsworth, N.R. 2001. The value of plantsused in traditional medicine for drug discovery.EnvironmentalHealth Perspectives 109: 69 - 75.","Farnsworth NR, Akerele O, Bingel AS, Soejarto DD, Guo Z.
Medicinal plants in therapy. Bull W H O 63:965 - 981 (1985)."
Hydrastine,Hemostatic; astringent,Hydrastis canadensis L.,"Fabricant, D.S. & Farnsworth, N.R. 2001. The value of plantsused in traditional medicine for drug discovery.EnvironmentalHealth Perspectives 109: 69 - 75.","Farnsworth NR, Akerele O, Bingel AS, Soejarto DD, Guo Z.
Medicinal plants in therapy. Bull W H O 63:965 - 981 (1985)."
Hyoscamine,Anticholinergic,Hyoscamus niger L.,"Fabricant, D.S. & Farnsworth, N.R. 2001. The value of plantsused in traditional medicine for drug discovery.EnvironmentalHealth Perspectives 109: 69 - 75.","Farnsworth NR, Akerele O, Bingel AS, Soejarto DD, Guo Z.
Medicinal plants in therapy. Bull W H O 63:965 - 981 (1985)."
Kainic Acid,Ascaricide,Digenea simplex (Wulf.) Agardh,"Fabricant, D.S. & Farnsworth, N.R. 2001. The value of plantsused in traditional medicine for drug discovery.EnvironmentalHealth Perspectives 109: 69 - 75.","Farnsworth NR, Akerele O, Bingel AS, Soejarto DD, Guo Z.
Medicinal plants in therapy. Bull W H O 63:965 - 981 (1985)."
Kawain,Tranquilizer,Piper methysicum Forst. f.,"Fabricant, D.S. & Farnsworth, N.R. 2001. The value of plantsused in traditional medicine for drug discovery.EnvironmentalHealth Perspectives 109: 69 - 75.","Farnsworth NR, Akerele O, Bingel AS, Soejarto DD, Guo Z.
Medicinal plants in therapy. Bull W H O 63:965 - 981 (1985)."
Khellin,Bronchodilator,Ammi visnaga (L.) Lamk.,"Fabricant, D.S. & Farnsworth, N.R. 2001. The value of plantsused in traditional medicine for drug discovery.EnvironmentalHealth Perspectives 109: 69 - 75.","Farnsworth NR, Akerele O, Bingel AS, Soejarto DD, Guo Z.
Medicinal plants in therapy. Bull W H O 63:965 - 981 (1985)."
"Lanatosides A, B, C",Cardiotonic,Digitalis lanata Ehrh.,"Fabricant, D.S. & Farnsworth, N.R. 2001. The value of plantsused in traditional medicine for drug discovery.EnvironmentalHealth Perspectives 109: 69 - 75.","Farnsworth NR, Akerele O, Bingel AS, Soejarto DD, Guo Z.
Medicinal plants in therapy. Bull W H O 63:965 - 981 (1985)."
Lobeline,Smoking deterrent; respiratory stimulant,Lobelia inflata L.,"Fabricant, D.S. & Farnsworth, N.R. 2001. The value of plantsused in traditional medicine for drug discovery.EnvironmentalHealth Perspectives 109: 69 - 75.","Farnsworth NR, Akerele O, Bingel AS, Soejarto DD, Guo Z.
Medicinal plants in therapy. Bull W H O 63:965 - 981 (1985)."
Monocrotaline,Antitumor agent,Crotolaria sessiliflora L.,"Fabricant, D.S. & Farnsworth, N.R. 2001. The value of plantsused in traditional medicine for drug discovery.EnvironmentalHealth Perspectives 109: 69 - 75.","Farnsworth NR, Akerele O, Bingel AS, Soejarto DD, Guo Z.
Medicinal plants in therapy. Bull W H O 63:965 - 981 (1985)."
Morphine,Analgesic,Papaver somniferum L.,"Fabricant, D.S. & Farnsworth, N.R. 2001. The value of plantsused in traditional medicine for drug discovery.EnvironmentalHealth Perspectives 109: 69 - 75.","Farnsworth NR, Akerele O, Bingel AS, Soejarto DD, Guo Z.
Medicinal plants in therapy. Bull W H O 63:965 - 981 (1985)."
Neoandrographolide,Bacillary dysentery,Andrographis paniculata Nees,"Fabricant, D.S. & Farnsworth, N.R. 2001. The value of plantsused in traditional medicine for drug discovery.EnvironmentalHealth Perspectives 109: 69 - 75.","Farnsworth NR, Akerele O, Bingel AS, Soejarto DD, Guo Z.
Medicinal plants in therapy. Bull W H O 63:965 - 981 (1985)."
Noscapine,Antitussive,Papaver somniferum L.,"Fabricant, D.S. & Farnsworth, N.R. 2001. The value of plantsused in traditional medicine for drug discovery.EnvironmentalHealth Perspectives 109: 69 - 75.","Farnsworth NR, Akerele O, Bingel AS, Soejarto DD, Guo Z.
Medicinal plants in therapy. Bull W H O 63:965 - 981 (1985)."
Quabain,Cardiotonic,Strophanthus gratus Baill.,"Fabricant, D.S. & Farnsworth, N.R. 2001. The value of plantsused in traditional medicine for drug discovery.EnvironmentalHealth Perspectives 109: 69 - 75.","Farnsworth NR, Akerele O, Bingel AS, Soejarto DD, Guo Z.
Medicinal plants in therapy. Bull W H O 63:965 - 981 (1985)."
Papain,Proteolytic; mucolytic,Carica papaya L.,"Fabricant, D.S. & Farnsworth, N.R. 2001. The value of plantsused in traditional medicine for drug discovery.EnvironmentalHealth Perspectives 109: 69 - 75.","Farnsworth NR, Akerele O, Bingel AS, Soejarto DD, Guo Z.
Medicinal plants in therapy. Bull W H O 63:965 - 981 (1985)."
Phyllodulcin,Sweetener,Hydrangea macrophylla (Thunb.) DC,"Fabricant, D.S. & Farnsworth, N.R. 2001. The value of plantsused in traditional medicine for drug discovery.EnvironmentalHealth Perspectives 109: 69 - 75.","Farnsworth NR, Akerele O, Bingel AS, Soejarto DD, Guo Z.
Medicinal plants in therapy. Bull W H O 63:965 - 981 (1985)."
Physostigmine,Cholinesterase inhibitor,Physostigma venenosum Balf.,"Fabricant, D.S. & Farnsworth, N.R. 2001. The value of plantsused in traditional medicine for drug discovery.EnvironmentalHealth Perspectives 109: 69 - 75.","Farnsworth NR, Akerele O, Bingel AS, Soejarto DD, Guo Z.
Medicinal plants in therapy. Bull W H O 63:965 - 981 (1985)."
Picrotoxin,Analeptic,Anamirta cocculus (L.) W.&A.,"Fabricant, D.S. & Farnsworth, N.R. 2001. The value of plantsused in traditional medicine for drug discovery.EnvironmentalHealth Perspectives 109: 69 - 75.","Farnsworth NR, Akerele O, Bingel AS, Soejarto DD, Guo Z.
Medicinal plants in therapy. Bull W H O 63:965 - 981 (1985)."
Pilocarpine,Parasympathomimetic,Pilocarpus jaborandi Holmes,"Fabricant, D.S. & Farnsworth, N.R. 2001. The value of plantsused in traditional medicine for drug discovery.EnvironmentalHealth Perspectives 109: 69 - 75.","Farnsworth NR, Akerele O, Bingel AS, Soejarto DD, Guo Z.
Medicinal plants in therapy. Bull W H O 63:965 - 981 (1985)."
Podophyllotoxin,Condylomata acuminata,Podophyllum peltatum L.,"Fabricant, D.S. & Farnsworth, N.R. 2001. The value of plantsused in traditional medicine for drug discovery.EnvironmentalHealth Perspectives 109: 69 - 75.","Farnsworth NR, Akerele O, Bingel AS, Soejarto DD, Guo Z.
Medicinal plants in therapy. Bull W H O 63:965 - 981 (1985)."
Protoveratrines A & B,Antihypertensive,Veratrum album L.,"Fabricant, D.S. & Farnsworth, N.R. 2001. The value of plantsused in traditional medicine for drug discovery.EnvironmentalHealth Perspectives 109: 69 - 75.","Farnsworth NR, Akerele O, Bingel AS, Soejarto DD, Guo Z.
Medicinal plants in therapy. Bull W H O 63:965 - 981 (1985)."
Pseudoephedrine,Sympathomimetic,Ephedra sinica Stapf.,"Fabricant, D.S. & Farnsworth, N.R. 2001. The value of plantsused in traditional medicine for drug discovery.EnvironmentalHealth Perspectives 109: 69 - 75.","Farnsworth NR, Akerele O, Bingel AS, Soejarto DD, Guo Z.
Medicinal plants in therapy. Bull W H O 63:965 - 981 (1985)."
"Pseudoephedrine, nor-",Sympathomimetic,Ephedra sinica Stapf.,"Fabricant, D.S. & Farnsworth, N.R. 2001. The value of plantsused in traditional medicine for drug discovery.EnvironmentalHealth Perspectives 109: 69 - 75.","Farnsworth NR, Akerele O, Bingel AS, Soejarto DD, Guo Z.
Medicinal plants in therapy. Bull W H O 63:965 - 981 (1985)."
Quinine,Antimalarial,Cinchona ledgeriana Moens ex. Trimen,"Fabricant, D.S. & Farnsworth, N.R. 2001. The value of plantsused in traditional medicine for drug discovery.EnvironmentalHealth Perspectives 109: 69 - 75.","Farnsworth NR, Akerele O, Bingel AS, Soejarto DD, Guo Z.
Medicinal plants in therapy. Bull W H O 63:965 - 981 (1985)."
Quisqualic Acid,Anthelmintic,Quisqualis indica L.,"Fabricant, D.S. & Farnsworth, N.R. 2001. The value of plantsused in traditional medicine for drug discovery.EnvironmentalHealth Perspectives 109: 69 - 75.","Farnsworth NR, Akerele O, Bingel AS, Soejarto DD, Guo Z.
Medicinal plants in therapy. Bull W H O 63:965 - 981 (1985)."
Rescinnamine,Antihypertensive; tranqulizer,Rauvolfia serpentina (L.) Benth ex. Kurz,"Fabricant, D.S. & Farnsworth, N.R. 2001. The value of plantsused in traditional medicine for drug discovery.EnvironmentalHealth Perspectives 109: 69 - 75.","Farnsworth NR, Akerele O, Bingel AS, Soejarto DD, Guo Z.
Medicinal plants in therapy. Bull W H O 63:965 - 981 (1985)."
Reserpine,Antihypertensive; tranqulizer,Rauvolfia serpentina (L.) Benth ex. Kurz,"Fabricant, D.S. & Farnsworth, N.R. 2001. The value of plantsused in traditional medicine for drug discovery.EnvironmentalHealth Perspectives 109: 69 - 75.","Farnsworth NR, Akerele O, Bingel AS, Soejarto DD, Guo Z.
Medicinal plants in therapy. Bull W H O 63:965 - 981 (1985)."
Rhomitoxin,Antihypertensive,Rhododendron molle G. Don,"Fabricant, D.S. & Farnsworth, N.R. 2001. The value of plantsused in traditional medicine for drug discovery.EnvironmentalHealth Perspectives 109: 69 - 75.","Farnsworth NR, Akerele O, Bingel AS, Soejarto DD, Guo Z.
Medicinal plants in therapy. Bull W H O 63:965 - 981 (1985)."
Rorifone,Antitussive,Rorippa indica (L.) Hochr.,"Fabricant, D.S. & Farnsworth, N.R. 2001. The value of plantsused in traditional medicine for drug discovery.EnvironmentalHealth Perspectives 109: 69 - 75.","Farnsworth NR, Akerele O, Bingel AS, Soejarto DD, Guo Z.
Medicinal plants in therapy. Bull W H O 63:965 - 981 (1985)."
Rotenone,Piscicide,Lonchocarpus nicou (Aubl.) DC.,"Fabricant, D.S. & Farnsworth, N.R. 2001. The value of plantsused in traditional medicine for drug discovery.EnvironmentalHealth Perspectives 109: 69 - 75.","Farnsworth NR, Akerele O, Bingel AS, Soejarto DD, Guo Z.
Medicinal plants in therapy. Bull W H O 63:965 - 981 (1985)."
Rotundine,Analgesic; sedative,Stephania sinica Diels,"Fabricant, D.S. & Farnsworth, N.R. 2001. The value of plantsused in traditional medicine for drug discovery.EnvironmentalHealth Perspectives 109: 69 - 75.","Farnsworth NR, Akerele O, Bingel AS, Soejarto DD, Guo Z.
Medicinal plants in therapy. Bull W H O 63:965 - 981 (1985)."
Salicin,Analgesic,Salix alba L.,"Fabricant, D.S. & Farnsworth, N.R. 2001. The value of plantsused in traditional medicine for drug discovery.EnvironmentalHealth Perspectives 109: 69 - 75.","Farnsworth NR, Akerele O, Bingel AS, Soejarto DD, Guo Z.
Medicinal plants in therapy. Bull W H O 63:965 - 981 (1985)."
Santonin,Ascaricide,Artemisia maritima L.,"Fabricant, D.S. & Farnsworth, N.R. 2001. The value of plantsused in traditional medicine for drug discovery.EnvironmentalHealth Perspectives 109: 69 - 75.","Farnsworth NR, Akerele O, Bingel AS, Soejarto DD, Guo Z.
Medicinal plants in therapy. Bull W H O 63:965 - 981 (1985)."
Scillarin A,Cardiotonic,Urginea maritima (L.) Baker,"Fabricant, D.S. & Farnsworth, N.R. 2001. The value of plantsused in traditional medicine for drug discovery.EnvironmentalHealth Perspectives 109: 69 - 75.","Farnsworth NR, Akerele O, Bingel AS, Soejarto DD, Guo Z.
Medicinal plants in therapy. Bull W H O 63:965 - 981 (1985)."
Scopolamine,Sedative,Datura metel L.,"Fabricant, D.S. & Farnsworth, N.R. 2001. The value of plantsused in traditional medicine for drug discovery.EnvironmentalHealth Perspectives 109: 69 - 75.","Farnsworth NR, Akerele O, Bingel AS, Soejarto DD, Guo Z.
Medicinal plants in therapy. Bull W H O 63:965 - 981 (1985)."
Sennosides A & B,Laxative,Cassia spp.,"Fabricant, D.S. & Farnsworth, N.R. 2001. The value of plantsused in traditional medicine for drug discovery.EnvironmentalHealth Perspectives 109: 69 - 75.","Farnsworth NR, Akerele O, Bingel AS, Soejarto DD, Guo Z.
Medicinal plants in therapy. Bull W H O 63:965 - 981 (1985)."
Silymarin,Antihepatotoxic,Silybum marianum (L.) Gaertn.,"Fabricant, D.S. & Farnsworth, N.R. 2001. The value of plantsused in traditional medicine for drug discovery.EnvironmentalHealth Perspectives 109: 69 - 75.","Farnsworth NR, Akerele O, Bingel AS, Soejarto DD, Guo Z.
Medicinal plants in therapy. Bull W H O 63:965 - 981 (1985)."
Stevioside,Sweetener,Stevia rebaudiana Bertoni,"Fabricant, D.S. & Farnsworth, N.R. 2001. The value of plantsused in traditional medicine for drug discovery.EnvironmentalHealth Perspectives 109: 69 - 75.","Farnsworth NR, Akerele O, Bingel AS, Soejarto DD, Guo Z.
Medicinal plants in therapy. Bull W H O 63:965 - 981 (1985)."
Strychnine,CNS stimulant,Strychnos nux-vomica L.,"Fabricant, D.S. & Farnsworth, N.R. 2001. The value of plantsused in traditional medicine for drug discovery.EnvironmentalHealth Perspectives 109: 69 - 75.","Farnsworth NR, Akerele O, Bingel AS, Soejarto DD, Guo Z.
Medicinal plants in therapy. Bull W H O 63:965 - 981 (1985)."
Teniposide,Antitumor agent,Podophyllum peltatum L.,"Fabricant, D.S. & Farnsworth, N.R. 2001. The value of plantsused in traditional medicine for drug discovery.EnvironmentalHealth Perspectives 109: 69 - 75.","Farnsworth NR, Akerele O, Bingel AS, Soejarto DD, Guo Z.
Medicinal plants in therapy. Bull W H O 63:965 - 981 (1985)."
Tetrahydropalmatine,Analgesic; sedative,Corydalis ambigua (Pallas) Cham. & Schltal.,"Fabricant, D.S. & Farnsworth, N.R. 2001. The value of plantsused in traditional medicine for drug discovery.EnvironmentalHealth Perspectives 109: 69 - 75.","Farnsworth NR, Akerele O, Bingel AS, Soejarto DD, Guo Z.
Medicinal plants in therapy. Bull W H O 63:965 - 981 (1985)."
Theobromine,Diuretic; bronchodilator,Theobroma cacao L.,"Fabricant, D.S. & Farnsworth, N.R. 2001. The value of plantsused in traditional medicine for drug discovery.EnvironmentalHealth Perspectives 109: 69 - 75.","Farnsworth NR, Akerele O, Bingel AS, Soejarto DD, Guo Z.
Medicinal plants in therapy. Bull W H O 63:965 - 981 (1985)."
Theophylline,Diuretic; bronchodilator,Camellia sinensis (L.) Kuntze,"Fabricant, D.S. & Farnsworth, N.R. 2001. The value of plantsused in traditional medicine for drug discovery.EnvironmentalHealth Perspectives 109: 69 - 75.","Farnsworth NR, Akerele O, Bingel AS, Soejarto DD, Guo Z.
Medicinal plants in therapy. Bull W H O 63:965 - 981 (1985)."
Trichosanthin,Abortifacient,Thymus vulgaris L.,"Fabricant, D.S. & Farnsworth, N.R. 2001. The value of plantsused in traditional medicine for drug discovery.EnvironmentalHealth Perspectives 109: 69 - 75.","Farnsworth NR, Akerele O, Bingel AS, Soejarto DD, Guo Z.
Medicinal plants in therapy. Bull W H O 63:965 - 981 (1985)."
Tubocurarine,Skeletal muscle relaxant,Chondodendron tomentosum R. & P.,"Fabricant, D.S. & Farnsworth, N.R. 2001. The value of plantsused in traditional medicine for drug discovery.EnvironmentalHealth Perspectives 109: 69 - 75.","Farnsworth NR, Akerele O, Bingel AS, Soejarto DD, Guo Z.
Medicinal plants in therapy. Bull W H O 63:965 - 981 (1985)."
Valepotriates,Sedative,Valeriana officinalis L.,"Fabricant, D.S. & Farnsworth, N.R. 2001. The value of plantsused in traditional medicine for drug discovery.EnvironmentalHealth Perspectives 109: 69 - 75.","Farnsworth NR, Akerele O, Bingel AS, Soejarto DD, Guo Z.
Medicinal plants in therapy. Bull W H O 63:965 - 981 (1985)."
Vincamine,Cerebral stimulant,Vinca minor L.,"Fabricant, D.S. & Farnsworth, N.R. 2001. The value of plantsused in traditional medicine for drug discovery.EnvironmentalHealth Perspectives 109: 69 - 75.","Farnsworth NR, Akerele O, Bingel AS, Soejarto DD, Guo Z.
Medicinal plants in therapy. Bull W H O 63:965 - 981 (1985)."
Xanthotoxin,Leukoderma; vitiligo,Ammi majus L.,"Fabricant, D.S. & Farnsworth, N.R. 2001. The value of plantsused in traditional medicine for drug discovery.EnvironmentalHealth Perspectives 109: 69 - 75.","Farnsworth NR, Akerele O, Bingel AS, Soejarto DD, Guo Z.
Medicinal plants in therapy. Bull W H O 63:965 - 981 (1985)."
Yohimbine,Aphrodisiac,Pausinystalia yohimbe (K.Schum.) Pierre,"Fabricant, D.S. & Farnsworth, N.R. 2001. The value of plantsused in traditional medicine for drug discovery.EnvironmentalHealth Perspectives 109: 69 - 75.","Farnsworth NR, Akerele O, Bingel AS, Soejarto DD, Guo Z.
Medicinal plants in therapy. Bull W H O 63:965 - 981 (1985)."
Yuanhuacine,Abortifacient,Daphne genkwa Seib. & Zucc.,"Fabricant, D.S. & Farnsworth, N.R. 2001. The value of plantsused in traditional medicine for drug discovery.EnvironmentalHealth Perspectives 109: 69 - 75.","Farnsworth NR, Akerele O, Bingel AS, Soejarto DD, Guo Z.
Medicinal plants in therapy. Bull W H O 63:965 - 981 (1985)."
Yuanhuadine,Abortifacient,Daphne genkwa Seib. & Zucc.,"Fabricant, D.S. & Farnsworth, N.R. 2001. The value of plantsused in traditional medicine for drug discovery.EnvironmentalHealth Perspectives 109: 69 - 75.","Farnsworth NR, Akerele O, Bingel AS, Soejarto DD, Guo Z.
Medicinal plants in therapy. Bull W H O 63:965 - 981 (1985)."